SAMPLE_ID,RUN_ID_LIST_CONCAT,tag_tissue,tag_source_name,tags
ERS657098,ERR754089,rosette leaf,NA,"[ENA checklist:ERC000011] [INSDC center alias:Department of Plant Biotechnology and Bioinformatics, Ghent University, Gent, Belgium Department of Plant Systems Biology,VIB, Gent, Belgium] [INSDC center name:Department of Plant Biotechnology and Bioinformatics, Ghent University, Gent, Belgium Department of Plant Systems Biology,VIB, Gent, Belgium] [INSDC first public:2015-02-12T17:06:48Z] [INSDC last update:2018-03-08T22:49:47Z] [INSDC status:public] [SRA accession:ERS657098] [Sample Name:ERS657098] [alias:E-MTAB-3279:Oy0_S1] [batch:A] [broker name:ArrayExpress] [developmental stage:Proliferative tissue] [ecotype:Oy0] [growth condition:mild drought] [organism:Arabidopsis thaliana] [organism part:rosette leaf] [sampling time point:10 day after stratification] [title:Oy0_S1]"
SRS973487,SRR2080055,aerial tissues of 15 day seedlings,Whole aerial tissue 15 day old seedlings,[source_name:Whole aerial tissue 15 day old seedlings] [tissue:aerial tissues of 15 day seedlings] [genotype:Ler]
SRS932043,SRR2014766,seedling,seedling,[source_name:seedling] [ecotype:Col-0] [genotype:35S::FLAG-GR-KAN1]
SRS1046581,SRR2187611,leaf,Infected Arabidopsis thaliana leaf tissue,[source_name:Infected Arabidopsis thaliana leaf tissue] [ecotype:Col-0] [genotype/variation:jaz5/10 mutant] [agent:Pseudomonas syringae pv. tomato DC3000]
SRS1046582,SRR2187610,leaf,Infected Arabidopsis thaliana leaf tissue,[source_name:Infected Arabidopsis thaliana leaf tissue] [ecotype:Col-0] [genotype/variation:jaz5/10 mutant] [agent:Pseudomonas syringae pv. tomato DC3000]
SRS1046583,SRR2187609,leaf,Arabidopsis thaliana leaf tissue,[source_name:Arabidopsis thaliana leaf tissue] [ecotype:Col-0] [genotype/variation:jaz5/10 mutant] [agent:--]
SRS1046584,SRR2187608,leaf,Infected Arabidopsis thaliana leaf tissue,[source_name:Infected Arabidopsis thaliana leaf tissue] [ecotype:Col-0] [genotype/variation:wild type] [agent:Pseudomonas syringae pv. tomato DC3000]
SRS1046585,SRR2187607,leaf,Infected Arabidopsis thaliana leaf tissue,[source_name:Infected Arabidopsis thaliana leaf tissue] [ecotype:Col-0] [genotype/variation:wild type] [agent:Pseudomonas syringae pv. tomato DC3000]
SRS1046586,SRR2187606,leaf,Infected Arabidopsis thaliana leaf tissue,[source_name:Infected Arabidopsis thaliana leaf tissue] [ecotype:Col-0] [genotype/variation:wild type] [agent:Pseudomonas syringae pv. tomato DC3000]
SRS1046587,SRR2187605,leaf,Infected Arabidopsis thaliana leaf tissue,[source_name:Infected Arabidopsis thaliana leaf tissue] [ecotype:Col-0] [genotype/variation:wild type] [agent:Pseudomonas syringae pv. tomato DC3000]
SRS1046588,SRR2187604,leaf,Arabidopsis thaliana leaf tissue,[source_name:Arabidopsis thaliana leaf tissue] [ecotype:Col-0] [genotype/variation:wild type] [agent:--]
SRS1046592,SRR2187613,leaf,Infected Arabidopsis thaliana leaf tissue,[source_name:Infected Arabidopsis thaliana leaf tissue] [ecotype:Col-0] [genotype/variation:jaz5/10 mutant] [agent:Pseudomonas syringae pv. tomato DC3000]
SRS1046593,SRR2187612,leaf,Infected Arabidopsis thaliana leaf tissue,[source_name:Infected Arabidopsis thaliana leaf tissue] [ecotype:Col-0] [genotype/variation:jaz5/10 mutant] [agent:Pseudomonas syringae pv. tomato DC3000]
SRS284528,SRR393810,seedling,3-week-old wild type seedlings,[source_name:3-week-old wild type seedlings] [condition:grown on soil] [age:3-week-old] [ecotype:Columbia] [rna fraction:polyA RNA] [genotype/variation:wild type plants]
SRS284531,SRR393813,seedling,3-week-old xrn2-1xrn3-3 seedlings,[source_name:3-week-old xrn2-1xrn3-3 seedlings] [condition:grown on soil] [age:3-week-old] [ecotype:Columbia] [rna fraction:polyA RNA] [genotype/variation:xrn2-1xrn3-3 plants]
ERS657061,ERR754064,rosette leaf,NA,"[ENA checklist:ERC000011] [INSDC center alias:Department of Plant Biotechnology and Bioinformatics, Ghent University, Gent, Belgium Department of Plant Systems Biology,VIB, Gent, Belgium] [INSDC center name:Department of Plant Biotechnology and Bioinformatics, Ghent University, Gent, Belgium Department of Plant Systems Biology,VIB, Gent, Belgium] [INSDC first public:2015-02-12T17:06:48Z] [INSDC last update:2018-03-08T22:48:59Z] [INSDC status:public] [SRA accession:ERS657061] [Sample Name:ERS657061] [alias:E-MTAB-3279:Col0_S3] [batch:C] [broker name:ArrayExpress] [developmental stage:Proliferative tissue] [ecotype:Col0] [growth condition:mild drought] [organism:Arabidopsis thaliana] [organism part:rosette leaf] [sampling time point:10 day after stratification] [title:Col0_S3]"
ERS657062,ERR754070,rosette leaf,NA,"[ENA checklist:ERC000011] [INSDC center alias:Department of Plant Biotechnology and Bioinformatics, Ghent University, Gent, Belgium Department of Plant Systems Biology,VIB, Gent, Belgium] [INSDC center name:Department of Plant Biotechnology and Bioinformatics, Ghent University, Gent, Belgium Department of Plant Systems Biology,VIB, Gent, Belgium] [INSDC first public:2015-02-12T17:06:48Z] [INSDC last update:2018-03-08T22:57:25Z] [INSDC status:public] [SRA accession:ERS657062] [Sample Name:ERS657062] [alias:E-MTAB-3279:Cvi0_C1] [batch:A] [broker name:ArrayExpress] [developmental stage:Proliferative tissue] [ecotype:Cvi0] [growth condition:control] [organism:Arabidopsis thaliana] [organism part:rosette leaf] [sampling time point:11 day after stratification] [title:Cvi0_C1]"
ERS657063,ERR754069,rosette leaf,NA,"[ENA checklist:ERC000011] [INSDC center alias:Department of Plant Biotechnology and Bioinformatics, Ghent University, Gent, Belgium Department of Plant Systems Biology,VIB, Gent, Belgium] [INSDC center name:Department of Plant Biotechnology and Bioinformatics, Ghent University, Gent, Belgium Department of Plant Systems Biology,VIB, Gent, Belgium] [INSDC first public:2015-02-12T17:06:48Z] [INSDC last update:2018-03-08T22:48:59Z] [INSDC status:public] [SRA accession:ERS657063] [Sample Name:ERS657063] [alias:E-MTAB-3279:Col0_S1] [batch:A] [broker name:ArrayExpress] [developmental stage:Proliferative tissue] [ecotype:Col0] [growth condition:mild drought] [organism:Arabidopsis thaliana] [organism part:rosette leaf] [sampling time point:10 day after stratification] [title:Col0_S1]"
ERS657064,ERR754060,rosette leaf,NA,"[ENA checklist:ERC000011] [INSDC center alias:Department of Plant Biotechnology and Bioinformatics, Ghent University, Gent, Belgium Department of Plant Systems Biology,VIB, Gent, Belgium] [INSDC center name:Department of Plant Biotechnology and Bioinformatics, Ghent University, Gent, Belgium Department of Plant Systems Biology,VIB, Gent, Belgium] [INSDC first public:2015-02-12T17:06:48Z] [INSDC last update:2018-03-08T22:49:00Z] [INSDC status:public] [SRA accession:ERS657064] [Sample Name:ERS657064] [alias:E-MTAB-3279:Sha_S2] [batch:B] [broker name:ArrayExpress] [developmental stage:Proliferative tissue] [ecotype:Shahdara] [growth condition:mild drought] [organism:Arabidopsis thaliana] [organism part:rosette leaf] [sampling time point:10 day after stratification] [title:Sha_S2]"
ERS657065,ERR754087,rosette leaf,NA,"[ENA checklist:ERC000011] [INSDC center alias:Department of Plant Biotechnology and Bioinformatics, Ghent University, Gent, Belgium Department of Plant Systems Biology,VIB, Gent, Belgium] [INSDC center name:Department of Plant Biotechnology and Bioinformatics, Ghent University, Gent, Belgium Department of Plant Systems Biology,VIB, Gent, Belgium] [INSDC first public:2015-02-12T17:06:48Z] [INSDC last update:2018-03-08T22:57:25Z] [INSDC status:public] [SRA accession:ERS657065] [Sample Name:ERS657065] [alias:E-MTAB-3279:Col0_S2] [batch:B] [broker name:ArrayExpress] [developmental stage:Proliferative tissue] [ecotype:Col0] [growth condition:mild drought] [organism:Arabidopsis thaliana] [organism part:rosette leaf] [sampling time point:10 day after stratification] [title:Col0_S2]"
ERS657066,ERR754058,rosette leaf,NA,"[ENA checklist:ERC000011] [INSDC center alias:Department of Plant Biotechnology and Bioinformatics, Ghent University, Gent, Belgium Department of Plant Systems Biology,VIB, Gent, Belgium] [INSDC center name:Department of Plant Biotechnology and Bioinformatics, Ghent University, Gent, Belgium Department of Plant Systems Biology,VIB, Gent, Belgium] [INSDC first public:2015-02-12T17:06:48Z] [INSDC last update:2018-03-08T22:49:00Z] [INSDC status:public] [SRA accession:ERS657066] [Sample Name:ERS657066] [alias:E-MTAB-3279:Oy0_C5] [batch:E] [broker name:ArrayExpress] [developmental stage:Proliferative tissue] [ecotype:Oy0] [growth condition:control] [organism:Arabidopsis thaliana] [organism part:rosette leaf] [sampling time point:10 day after stratification] [title:Oy0_C5]"
ERS657067,ERR754053,rosette leaf,NA,"[ENA checklist:ERC000011] [INSDC center alias:Department of Plant Biotechnology and Bioinformatics, Ghent University, Gent, Belgium Department of Plant Systems Biology,VIB, Gent, Belgium] [INSDC center name:Department of Plant Biotechnology and Bioinformatics, Ghent University, Gent, Belgium Department of Plant Systems Biology,VIB, Gent, Belgium] [INSDC first public:2015-02-12T17:06:48Z] [INSDC last update:2018-03-08T22:49:00Z] [INSDC status:public] [SRA accession:ERS657067] [Sample Name:ERS657067] [alias:E-MTAB-3279:Sha_C1] [batch:A] [broker name:ArrayExpress] [developmental stage:Proliferative tissue] [ecotype:Shahdara] [growth condition:control] [organism:Arabidopsis thaliana] [organism part:rosette leaf] [sampling time point:10 day after stratification] [title:Sha_C1]"
ERS657068,ERR754072,rosette leaf,NA,"[ENA checklist:ERC000011] [INSDC center alias:Department of Plant Biotechnology and Bioinformatics, Ghent University, Gent, Belgium Department of Plant Systems Biology,VIB, Gent, Belgium] [INSDC center name:Department of Plant Biotechnology and Bioinformatics, Ghent University, Gent, Belgium Department of Plant Systems Biology,VIB, Gent, Belgium] [INSDC first public:2015-02-12T17:06:48Z] [INSDC last update:2018-03-08T22:49:00Z] [INSDC status:public] [SRA accession:ERS657068] [Sample Name:ERS657068] [alias:E-MTAB-3279:Cvi0_S4] [batch:D] [broker name:ArrayExpress] [developmental stage:Proliferative tissue] [ecotype:Cvi0] [growth condition:mild drought] [organism:Arabidopsis thaliana] [organism part:rosette leaf] [sampling time point:11 day after stratification] [title:Cvi0_S4]"
ERS657069,ERR754074,rosette leaf,NA,"[ENA checklist:ERC000011] [INSDC center alias:Department of Plant Biotechnology and Bioinformatics, Ghent University, Gent, Belgium Department of Plant Systems Biology,VIB, Gent, Belgium] [INSDC center name:Department of Plant Biotechnology and Bioinformatics, Ghent University, Gent, Belgium Department of Plant Systems Biology,VIB, Gent, Belgium] [INSDC first public:2015-02-12T17:06:48Z] [INSDC last update:2018-03-08T22:49:00Z] [INSDC status:public] [SRA accession:ERS657069] [Sample Name:ERS657069] [alias:E-MTAB-3279:Oy0_S4] [batch:D] [broker name:ArrayExpress] [developmental stage:Proliferative tissue] [ecotype:Oy0] [growth condition:mild drought] [organism:Arabidopsis thaliana] [organism part:rosette leaf] [sampling time point:10 day after stratification] [title:Oy0_S4]"
ERS657070,ERR754078,rosette leaf,NA,"[ENA checklist:ERC000011] [INSDC center alias:Department of Plant Biotechnology and Bioinformatics, Ghent University, Gent, Belgium Department of Plant Systems Biology,VIB, Gent, Belgium] [INSDC center name:Department of Plant Biotechnology and Bioinformatics, Ghent University, Gent, Belgium Department of Plant Systems Biology,VIB, Gent, Belgium] [INSDC first public:2015-02-12T17:06:48Z] [INSDC last update:2018-03-08T22:49:00Z] [INSDC status:public] [SRA accession:ERS657070] [Sample Name:ERS657070] [alias:E-MTAB-3279:Oy0_C4] [batch:D] [broker name:ArrayExpress] [developmental stage:Proliferative tissue] [ecotype:Oy0] [growth condition:control] [organism:Arabidopsis thaliana] [organism part:rosette leaf] [sampling time point:10 day after stratification] [title:Oy0_C4]"
ERS657071,ERR754079,rosette leaf,NA,"[ENA checklist:ERC000011] [INSDC center alias:Department of Plant Biotechnology and Bioinformatics, Ghent University, Gent, Belgium Department of Plant Systems Biology,VIB, Gent, Belgium] [INSDC center name:Department of Plant Biotechnology and Bioinformatics, Ghent University, Gent, Belgium Department of Plant Systems Biology,VIB, Gent, Belgium] [INSDC first public:2015-02-12T17:06:48Z] [INSDC last update:2018-03-08T22:49:00Z] [INSDC status:public] [SRA accession:ERS657071] [Sample Name:ERS657071] [alias:E-MTAB-3279:Blh1_S4] [batch:D] [broker name:ArrayExpress] [developmental stage:Proliferative tissue] [ecotype:Blh1] [growth condition:mild drought] [organism:Arabidopsis thaliana] [organism part:rosette leaf] [sampling time point:10 day after stratification] [title:Blh1_S4]"
ERS657072,ERR754062,rosette leaf,NA,"[ENA checklist:ERC000011] [INSDC center alias:Department of Plant Biotechnology and Bioinformatics, Ghent University, Gent, Belgium Department of Plant Systems Biology,VIB, Gent, Belgium] [INSDC center name:Department of Plant Biotechnology and Bioinformatics, Ghent University, Gent, Belgium Department of Plant Systems Biology,VIB, Gent, Belgium] [INSDC first public:2015-02-12T17:06:48Z] [INSDC last update:2018-03-08T22:49:00Z] [INSDC status:public] [SRA accession:ERS657072] [Sample Name:ERS657072] [alias:E-MTAB-3279:Blh1_C4] [batch:D] [broker name:ArrayExpress] [developmental stage:Proliferative tissue] [ecotype:Blh1] [growth condition:control] [organism:Arabidopsis thaliana] [organism part:rosette leaf] [sampling time point:10 day after stratification] [title:Blh1_C4]"
ERS657073,ERR754067,rosette leaf,NA,"[ENA checklist:ERC000011] [INSDC center alias:Department of Plant Biotechnology and Bioinformatics, Ghent University, Gent, Belgium Department of Plant Systems Biology,VIB, Gent, Belgium] [INSDC center name:Department of Plant Biotechnology and Bioinformatics, Ghent University, Gent, Belgium Department of Plant Systems Biology,VIB, Gent, Belgium] [INSDC first public:2015-02-12T17:06:48Z] [INSDC last update:2018-03-08T22:49:00Z] [INSDC status:public] [SRA accession:ERS657073] [Sample Name:ERS657073] [alias:E-MTAB-3279:Blh1_C1] [batch:A] [broker name:ArrayExpress] [developmental stage:Proliferative tissue] [ecotype:Blh1] [growth condition:control] [organism:Arabidopsis thaliana] [organism part:rosette leaf] [sampling time point:10 day after stratification] [title:Blh1_C1]"
ERS657074,ERR754090,rosette leaf,NA,"[ENA checklist:ERC000011] [INSDC center alias:Department of Plant Biotechnology and Bioinformatics, Ghent University, Gent, Belgium Department of Plant Systems Biology,VIB, Gent, Belgium] [INSDC center name:Department of Plant Biotechnology and Bioinformatics, Ghent University, Gent, Belgium Department of Plant Systems Biology,VIB, Gent, Belgium] [INSDC first public:2015-02-12T17:06:48Z] [INSDC last update:2018-03-08T22:49:00Z] [INSDC status:public] [SRA accession:ERS657074] [Sample Name:ERS657074] [alias:E-MTAB-3279:An1_C3] [batch:C] [broker name:ArrayExpress] [developmental stage:Proliferative tissue] [ecotype:An1] [growth condition:control] [organism:Arabidopsis thaliana] [organism part:rosette leaf] [sampling time point:10 day after stratification] [title:An1_C3]"
ERS657075,ERR754080,rosette leaf,NA,"[ENA checklist:ERC000011] [INSDC center alias:Department of Plant Biotechnology and Bioinformatics, Ghent University, Gent, Belgium Department of Plant Systems Biology,VIB, Gent, Belgium] [INSDC center name:Department of Plant Biotechnology and Bioinformatics, Ghent University, Gent, Belgium Department of Plant Systems Biology,VIB, Gent, Belgium] [INSDC first public:2015-02-12T17:06:48Z] [INSDC last update:2018-03-08T22:49:00Z] [INSDC status:public] [SRA accession:ERS657075] [Sample Name:ERS657075] [alias:E-MTAB-3279:Blh1_C2] [batch:B] [broker name:ArrayExpress] [developmental stage:Proliferative tissue] [ecotype:Blh1] [growth condition:control] [organism:Arabidopsis thaliana] [organism part:rosette leaf] [sampling time point:10 day after stratification] [title:Blh1_C2]"
ERS657076,ERR754055,rosette leaf,NA,"[ENA checklist:ERC000011] [INSDC center alias:Department of Plant Biotechnology and Bioinformatics, Ghent University, Gent, Belgium Department of Plant Systems Biology,VIB, Gent, Belgium] [INSDC center name:Department of Plant Biotechnology and Bioinformatics, Ghent University, Gent, Belgium Department of Plant Systems Biology,VIB, Gent, Belgium] [INSDC first public:2015-02-12T17:06:48Z] [INSDC last update:2018-03-08T22:57:12Z] [INSDC status:public] [SRA accession:ERS657076] [Sample Name:ERS657076] [alias:E-MTAB-3279:Cvi0_C5] [batch:E] [broker name:ArrayExpress] [developmental stage:Proliferative tissue] [ecotype:Cvi0] [growth condition:control] [organism:Arabidopsis thaliana] [organism part:rosette leaf] [sampling time point:11 day after stratification] [title:Cvi0_C5]"
ERS657077,ERR754086,rosette leaf,NA,"[ENA checklist:ERC000011] [INSDC center alias:Department of Plant Biotechnology and Bioinformatics, Ghent University, Gent, Belgium Department of Plant Systems Biology,VIB, Gent, Belgium] [INSDC center name:Department of Plant Biotechnology and Bioinformatics, Ghent University, Gent, Belgium Department of Plant Systems Biology,VIB, Gent, Belgium] [INSDC first public:2015-02-12T17:06:48Z] [INSDC last update:2018-03-08T22:57:12Z] [INSDC status:public] [SRA accession:ERS657077] [Sample Name:ERS657077] [alias:E-MTAB-3279:Oy0_S2] [batch:B] [broker name:ArrayExpress] [developmental stage:Proliferative tissue] [ecotype:Oy0] [growth condition:mild drought] [organism:Arabidopsis thaliana] [organism part:rosette leaf] [sampling time point:10 day after stratification] [title:Oy0_S2]"
ERS657078,ERR754077,rosette leaf,NA,"[ENA checklist:ERC000011] [INSDC center alias:Department of Plant Biotechnology and Bioinformatics, Ghent University, Gent, Belgium Department of Plant Systems Biology,VIB, Gent, Belgium] [INSDC center name:Department of Plant Biotechnology and Bioinformatics, Ghent University, Gent, Belgium Department of Plant Systems Biology,VIB, Gent, Belgium] [INSDC first public:2015-02-12T17:06:48Z] [INSDC last update:2018-03-08T22:57:12Z] [INSDC status:public] [SRA accession:ERS657078] [Sample Name:ERS657078] [alias:E-MTAB-3279:Col0_C4] [batch:D] [broker name:ArrayExpress] [developmental stage:Proliferative tissue] [ecotype:Col0] [growth condition:control] [organism:Arabidopsis thaliana] [organism part:rosette leaf] [sampling time point:10 day after stratification] [title:Col0_C4]"
ERS657079,ERR754071,rosette leaf,NA,"[ENA checklist:ERC000011] [INSDC center alias:Department of Plant Biotechnology and Bioinformatics, Ghent University, Gent, Belgium Department of Plant Systems Biology,VIB, Gent, Belgium] [INSDC center name:Department of Plant Biotechnology and Bioinformatics, Ghent University, Gent, Belgium Department of Plant Systems Biology,VIB, Gent, Belgium] [INSDC first public:2015-02-12T17:06:48Z] [INSDC last update:2018-03-08T22:49:01Z] [INSDC status:public] [SRA accession:ERS657079] [Sample Name:ERS657079] [alias:E-MTAB-3279:An1_C1] [batch:A] [broker name:ArrayExpress] [developmental stage:Proliferative tissue] [ecotype:An1] [growth condition:control] [organism:Arabidopsis thaliana] [organism part:rosette leaf] [sampling time point:10 day after stratification] [title:An1_C1]"
ERS657080,ERR754084,rosette leaf,NA,"[ENA checklist:ERC000011] [INSDC center alias:Department of Plant Biotechnology and Bioinformatics, Ghent University, Gent, Belgium Department of Plant Systems Biology,VIB, Gent, Belgium] [INSDC center name:Department of Plant Biotechnology and Bioinformatics, Ghent University, Gent, Belgium Department of Plant Systems Biology,VIB, Gent, Belgium] [INSDC first public:2015-02-12T17:06:48Z] [INSDC last update:2018-03-08T22:49:01Z] [INSDC status:public] [SRA accession:ERS657080] [Sample Name:ERS657080] [alias:E-MTAB-3279:Col0_C1] [batch:A] [broker name:ArrayExpress] [developmental stage:Proliferative tissue] [ecotype:Col0] [growth condition:control] [organism:Arabidopsis thaliana] [organism part:rosette leaf] [sampling time point:10 day after stratification] [title:Col0_C1]"
ERS657081,ERR754085,rosette leaf,NA,"[ENA checklist:ERC000011] [INSDC center alias:Department of Plant Biotechnology and Bioinformatics, Ghent University, Gent, Belgium Department of Plant Systems Biology,VIB, Gent, Belgium] [INSDC center name:Department of Plant Biotechnology and Bioinformatics, Ghent University, Gent, Belgium Department of Plant Systems Biology,VIB, Gent, Belgium] [INSDC first public:2015-02-12T17:06:48Z] [INSDC last update:2018-03-08T22:57:12Z] [INSDC status:public] [SRA accession:ERS657081] [Sample Name:ERS657081] [alias:E-MTAB-3279:Sha_C3] [batch:C] [broker name:ArrayExpress] [developmental stage:Proliferative tissue] [ecotype:Shahdara] [growth condition:control] [organism:Arabidopsis thaliana] [organism part:rosette leaf] [sampling time point:10 day after stratification] [title:Sha_C3]"
ERS657082,ERR754065,rosette leaf,NA,"[ENA checklist:ERC000011] [INSDC center alias:Department of Plant Biotechnology and Bioinformatics, Ghent University, Gent, Belgium Department of Plant Systems Biology,VIB, Gent, Belgium] [INSDC center name:Department of Plant Biotechnology and Bioinformatics, Ghent University, Gent, Belgium Department of Plant Systems Biology,VIB, Gent, Belgium] [INSDC first public:2015-02-12T17:06:48Z] [INSDC last update:2018-03-08T22:57:25Z] [INSDC status:public] [SRA accession:ERS657082] [Sample Name:ERS657082] [alias:E-MTAB-3279:An1_S3] [batch:C] [broker name:ArrayExpress] [developmental stage:Proliferative tissue] [ecotype:An1] [growth condition:mild drought] [organism:Arabidopsis thaliana] [organism part:rosette leaf] [sampling time point:10 day after stratification] [title:An1_S3]"
ERS657083,ERR754061,rosette leaf,NA,"[ENA checklist:ERC000011] [INSDC center alias:Department of Plant Biotechnology and Bioinformatics, Ghent University, Gent, Belgium Department of Plant Systems Biology,VIB, Gent, Belgium] [INSDC center name:Department of Plant Biotechnology and Bioinformatics, Ghent University, Gent, Belgium Department of Plant Systems Biology,VIB, Gent, Belgium] [INSDC first public:2015-02-12T17:06:48Z] [INSDC last update:2018-03-08T22:49:46Z] [INSDC status:public] [SRA accession:ERS657083] [Sample Name:ERS657083] [alias:E-MTAB-3279:An1_S2] [batch:B] [broker name:ArrayExpress] [developmental stage:Proliferative tissue] [ecotype:An1] [growth condition:mild drought] [organism:Arabidopsis thaliana] [organism part:rosette leaf] [sampling time point:10 day after stratification] [title:An1_S2]"
ERS657084,ERR754076,rosette leaf,NA,"[ENA checklist:ERC000011] [INSDC center alias:Department of Plant Biotechnology and Bioinformatics, Ghent University, Gent, Belgium Department of Plant Systems Biology,VIB, Gent, Belgium] [INSDC center name:Department of Plant Biotechnology and Bioinformatics, Ghent University, Gent, Belgium Department of Plant Systems Biology,VIB, Gent, Belgium] [INSDC first public:2015-02-12T17:06:48Z] [INSDC last update:2018-03-08T22:49:46Z] [INSDC status:public] [SRA accession:ERS657084] [Sample Name:ERS657084] [alias:E-MTAB-3279:Cvi0_C2] [batch:B] [broker name:ArrayExpress] [developmental stage:Proliferative tissue] [ecotype:Cvi0] [growth condition:control] [organism:Arabidopsis thaliana] [organism part:rosette leaf] [sampling time point:11 day after stratification] [title:Cvi0_C2]"
ERS657085,ERR754073,rosette leaf,NA,"[ENA checklist:ERC000011] [INSDC center alias:Department of Plant Biotechnology and Bioinformatics, Ghent University, Gent, Belgium Department of Plant Systems Biology,VIB, Gent, Belgium] [INSDC center name:Department of Plant Biotechnology and Bioinformatics, Ghent University, Gent, Belgium Department of Plant Systems Biology,VIB, Gent, Belgium] [INSDC first public:2015-02-12T17:06:48Z] [INSDC last update:2018-03-08T22:49:47Z] [INSDC status:public] [SRA accession:ERS657085] [Sample Name:ERS657085] [alias:E-MTAB-3279:Sha_S3] [batch:C] [broker name:ArrayExpress] [developmental stage:Proliferative tissue] [ecotype:Shahdara] [growth condition:mild drought] [organism:Arabidopsis thaliana] [organism part:rosette leaf] [sampling time point:10 day after stratification] [title:Sha_S3]"
ERS657086,ERR754075,rosette leaf,NA,"[ENA checklist:ERC000011] [INSDC center alias:Department of Plant Biotechnology and Bioinformatics, Ghent University, Gent, Belgium Department of Plant Systems Biology,VIB, Gent, Belgium] [INSDC center name:Department of Plant Biotechnology and Bioinformatics, Ghent University, Gent, Belgium Department of Plant Systems Biology,VIB, Gent, Belgium] [INSDC first public:2015-02-12T17:06:48Z] [INSDC last update:2018-03-08T22:57:25Z] [INSDC status:public] [SRA accession:ERS657086] [Sample Name:ERS657086] [alias:E-MTAB-3279:Cvi0_S2] [batch:B] [broker name:ArrayExpress] [developmental stage:Proliferative tissue] [ecotype:Cvi0] [growth condition:mild drought] [organism:Arabidopsis thaliana] [organism part:rosette leaf] [sampling time point:11 day after stratification] [title:Cvi0_S2]"
ERS657087,ERR754054,rosette leaf,NA,"[ENA checklist:ERC000011] [INSDC center alias:Department of Plant Biotechnology and Bioinformatics, Ghent University, Gent, Belgium Department of Plant Systems Biology,VIB, Gent, Belgium] [INSDC center name:Department of Plant Biotechnology and Bioinformatics, Ghent University, Gent, Belgium Department of Plant Systems Biology,VIB, Gent, Belgium] [INSDC first public:2015-02-12T17:06:48Z] [INSDC last update:2018-03-08T22:57:25Z] [INSDC status:public] [SRA accession:ERS657087] [Sample Name:ERS657087] [alias:E-MTAB-3279:Blh1_S1] [batch:A] [broker name:ArrayExpress] [developmental stage:Proliferative tissue] [ecotype:Blh1] [growth condition:mild drought] [organism:Arabidopsis thaliana] [organism part:rosette leaf] [sampling time point:10 day after stratification] [title:Blh1_S1]"
ERS657088,ERR754081,rosette leaf,NA,"[ENA checklist:ERC000011] [INSDC center alias:Department of Plant Biotechnology and Bioinformatics, Ghent University, Gent, Belgium Department of Plant Systems Biology,VIB, Gent, Belgium] [INSDC center name:Department of Plant Biotechnology and Bioinformatics, Ghent University, Gent, Belgium Department of Plant Systems Biology,VIB, Gent, Belgium] [INSDC first public:2015-02-12T17:06:48Z] [INSDC last update:2018-03-08T22:49:47Z] [INSDC status:public] [SRA accession:ERS657088] [Sample Name:ERS657088] [alias:E-MTAB-3279:Sha_C2] [batch:B] [broker name:ArrayExpress] [developmental stage:Proliferative tissue] [ecotype:Shahdara] [growth condition:control] [organism:Arabidopsis thaliana] [organism part:rosette leaf] [sampling time point:10 day after stratification] [title:Sha_C2]"
ERS657089,ERR754056,rosette leaf,NA,"[ENA checklist:ERC000011] [INSDC center alias:Department of Plant Biotechnology and Bioinformatics, Ghent University, Gent, Belgium Department of Plant Systems Biology,VIB, Gent, Belgium] [INSDC center name:Department of Plant Biotechnology and Bioinformatics, Ghent University, Gent, Belgium Department of Plant Systems Biology,VIB, Gent, Belgium] [INSDC first public:2015-02-12T17:06:48Z] [INSDC last update:2018-03-08T22:49:47Z] [INSDC status:public] [SRA accession:ERS657089] [Sample Name:ERS657089] [alias:E-MTAB-3279:Cvi0_C4] [batch:D] [broker name:ArrayExpress] [developmental stage:Proliferative tissue] [ecotype:Cvi0] [growth condition:control] [organism:Arabidopsis thaliana] [organism part:rosette leaf] [sampling time point:11 day after stratification] [title:Cvi0_C4]"
ERS657090,ERR754083,rosette leaf,NA,"[ENA checklist:ERC000011] [INSDC center alias:Department of Plant Biotechnology and Bioinformatics, Ghent University, Gent, Belgium Department of Plant Systems Biology,VIB, Gent, Belgium] [INSDC center name:Department of Plant Biotechnology and Bioinformatics, Ghent University, Gent, Belgium Department of Plant Systems Biology,VIB, Gent, Belgium] [INSDC first public:2015-02-12T17:06:48Z] [INSDC last update:2018-03-08T22:49:47Z] [INSDC status:public] [SRA accession:ERS657090] [Sample Name:ERS657090] [alias:E-MTAB-3279:An1_C2] [batch:B] [broker name:ArrayExpress] [developmental stage:Proliferative tissue] [ecotype:An1] [growth condition:control] [organism:Arabidopsis thaliana] [organism part:rosette leaf] [sampling time point:10 day after stratification] [title:An1_C2]"
ERS657091,ERR754066,rosette leaf,NA,"[ENA checklist:ERC000011] [INSDC center alias:Department of Plant Biotechnology and Bioinformatics, Ghent University, Gent, Belgium Department of Plant Systems Biology,VIB, Gent, Belgium] [INSDC center name:Department of Plant Biotechnology and Bioinformatics, Ghent University, Gent, Belgium Department of Plant Systems Biology,VIB, Gent, Belgium] [INSDC first public:2015-02-12T17:06:48Z] [INSDC last update:2018-03-08T22:57:25Z] [INSDC status:public] [SRA accession:ERS657091] [Sample Name:ERS657091] [alias:E-MTAB-3279:Col0_C3] [batch:C] [broker name:ArrayExpress] [developmental stage:Proliferative tissue] [ecotype:Col0] [growth condition:control] [organism:Arabidopsis thaliana] [organism part:rosette leaf] [sampling time point:10 day after stratification] [title:Col0_C3]"
ERS657092,ERR754059,rosette leaf,NA,"[ENA checklist:ERC000011] [INSDC center alias:Department of Plant Biotechnology and Bioinformatics, Ghent University, Gent, Belgium Department of Plant Systems Biology,VIB, Gent, Belgium] [INSDC center name:Department of Plant Biotechnology and Bioinformatics, Ghent University, Gent, Belgium Department of Plant Systems Biology,VIB, Gent, Belgium] [INSDC first public:2015-02-12T17:06:48Z] [INSDC last update:2018-03-08T22:57:25Z] [INSDC status:public] [SRA accession:ERS657092] [Sample Name:ERS657092] [alias:E-MTAB-3279:Col0_S4] [batch:D] [broker name:ArrayExpress] [developmental stage:Proliferative tissue] [ecotype:Col0] [growth condition:mild drought] [organism:Arabidopsis thaliana] [organism part:rosette leaf] [sampling time point:10 day after stratification] [title:Col0_S4]"
ERS657093,ERR754057,rosette leaf,NA,"[ENA checklist:ERC000011] [INSDC center alias:Department of Plant Biotechnology and Bioinformatics, Ghent University, Gent, Belgium Department of Plant Systems Biology,VIB, Gent, Belgium] [INSDC center name:Department of Plant Biotechnology and Bioinformatics, Ghent University, Gent, Belgium Department of Plant Systems Biology,VIB, Gent, Belgium] [INSDC first public:2015-02-12T17:06:48Z] [INSDC last update:2018-03-08T22:57:26Z] [INSDC status:public] [SRA accession:ERS657093] [Sample Name:ERS657093] [alias:E-MTAB-3279:Oy0_C1] [batch:A] [broker name:ArrayExpress] [developmental stage:Proliferative tissue] [ecotype:Oy0] [growth condition:control] [organism:Arabidopsis thaliana] [organism part:rosette leaf] [sampling time point:10 day after stratification] [title:Oy0_C1]"
ERS657094,ERR754082,rosette leaf,NA,"[ENA checklist:ERC000011] [INSDC center alias:Department of Plant Biotechnology and Bioinformatics, Ghent University, Gent, Belgium Department of Plant Systems Biology,VIB, Gent, Belgium] [INSDC center name:Department of Plant Biotechnology and Bioinformatics, Ghent University, Gent, Belgium Department of Plant Systems Biology,VIB, Gent, Belgium] [INSDC first public:2015-02-12T17:06:48Z] [INSDC last update:2018-03-08T22:49:47Z] [INSDC status:public] [SRA accession:ERS657094] [Sample Name:ERS657094] [alias:E-MTAB-3279:An1_S1] [batch:A] [broker name:ArrayExpress] [developmental stage:Proliferative tissue] [ecotype:An1] [growth condition:mild drought] [organism:Arabidopsis thaliana] [organism part:rosette leaf] [sampling time point:10 day after stratification] [title:An1_S1]"
ERS657095,ERR754063,rosette leaf,NA,"[ENA checklist:ERC000011] [INSDC center alias:Department of Plant Biotechnology and Bioinformatics, Ghent University, Gent, Belgium Department of Plant Systems Biology,VIB, Gent, Belgium] [INSDC center name:Department of Plant Biotechnology and Bioinformatics, Ghent University, Gent, Belgium Department of Plant Systems Biology,VIB, Gent, Belgium] [INSDC first public:2015-02-12T17:06:48Z] [INSDC last update:2018-03-08T22:49:47Z] [INSDC status:public] [SRA accession:ERS657095] [Sample Name:ERS657095] [alias:E-MTAB-3279:Sha_S1] [batch:A] [broker name:ArrayExpress] [developmental stage:Proliferative tissue] [ecotype:Shahdara] [growth condition:mild drought] [organism:Arabidopsis thaliana] [organism part:rosette leaf] [sampling time point:10 day after stratification] [title:Sha_S1]"
ERS657096,ERR754088,rosette leaf,NA,"[ENA checklist:ERC000011] [INSDC center alias:Department of Plant Biotechnology and Bioinformatics, Ghent University, Gent, Belgium Department of Plant Systems Biology,VIB, Gent, Belgium] [INSDC center name:Department of Plant Biotechnology and Bioinformatics, Ghent University, Gent, Belgium Department of Plant Systems Biology,VIB, Gent, Belgium] [INSDC first public:2015-02-12T17:06:48Z] [INSDC last update:2018-03-08T22:49:47Z] [INSDC status:public] [SRA accession:ERS657096] [Sample Name:ERS657096] [alias:E-MTAB-3279:Blh1_S2] [batch:B] [broker name:ArrayExpress] [developmental stage:Proliferative tissue] [ecotype:Blh1] [growth condition:mild drought] [organism:Arabidopsis thaliana] [organism part:rosette leaf] [sampling time point:10 day after stratification] [title:Blh1_S2]"
ERS657097,ERR754068,rosette leaf,NA,"[ENA checklist:ERC000011] [INSDC center alias:Department of Plant Biotechnology and Bioinformatics, Ghent University, Gent, Belgium Department of Plant Systems Biology,VIB, Gent, Belgium] [INSDC center name:Department of Plant Biotechnology and Bioinformatics, Ghent University, Gent, Belgium Department of Plant Systems Biology,VIB, Gent, Belgium] [INSDC first public:2015-02-12T17:06:48Z] [INSDC last update:2018-03-08T22:49:47Z] [INSDC status:public] [SRA accession:ERS657097] [Sample Name:ERS657097] [alias:E-MTAB-3279:Oy0_C2] [batch:B] [broker name:ArrayExpress] [developmental stage:Proliferative tissue] [ecotype:Oy0] [growth condition:control] [organism:Arabidopsis thaliana] [organism part:rosette leaf] [sampling time point:10 day after stratification] [title:Oy0_C2]"
ERS533773,ERR588040,fruit,NA,"[ENA checklist:ERC000011] [INSDC center alias:University of Exeter] [INSDC center name:University of Exeter] [INSDC first public:2014-11-20T17:01:46Z] [INSDC last update:2018-03-08T21:22:35Z] [INSDC status:public] [SRA accession:ERS533773] [Sample Name:ERS533773] [age:8] [alias:E-MTAB-2869:Ler 16 2] [broker name:ArrayExpress] [genotype:wild type] [growth condition:grown at 16 degree Celsius before fertilization, then 22 degree Celsius] [initial time point:pollination] [organism:Arabidopsis thaliana] [organism part:siluge without seeds] [title:Ler 16 2]"
ERS533774,ERR588038,seed,NA,[ENA checklist:ERC000011] [INSDC center alias:University of Exeter] [INSDC center name:University of Exeter] [INSDC first public:2014-11-20T17:01:46Z] [INSDC last update:2018-03-08T21:22:35Z] [INSDC status:public] [SRA accession:ERS533774] [Sample Name:ERS533774] [age:8] [alias:E-MTAB-2869:ft-1 seeds 1] [broker name:ArrayExpress] [genotype:ft-1 mutant] [growth condition:grown at 22 degree Celsius] [initial time point:pollination] [organism:Arabidopsis thaliana] [organism part:seed] [title:ft-1 seeds 1]
ERS533775,ERR588047,seed,NA,[ENA checklist:ERC000011] [INSDC center alias:University of Exeter] [INSDC center name:University of Exeter] [INSDC first public:2014-11-20T17:01:46Z] [INSDC last update:2018-03-08T21:22:35Z] [INSDC status:public] [SRA accession:ERS533775] [Sample Name:ERS533775] [age:8] [alias:E-MTAB-2869:Ler seeds 1] [broker name:ArrayExpress] [genotype:wild type] [growth condition:grown at 22 degree Celsius] [initial time point:pollination] [organism:Arabidopsis thaliana] [organism part:seed] [title:Ler seeds 1]
ERS533776,ERR588043,fruit,NA,[ENA checklist:ERC000011] [INSDC center alias:University of Exeter] [INSDC center name:University of Exeter] [INSDC first public:2014-11-20T17:01:46Z] [INSDC last update:2018-03-08T21:22:35Z] [INSDC status:public] [SRA accession:ERS533776] [Sample Name:ERS533776] [age:8] [alias:E-MTAB-2869:ft-1 22 2] [broker name:ArrayExpress] [genotype:ft-1 mutant] [growth condition:grown at 22 degree Celsius] [initial time point:pollination] [organism:Arabidopsis thaliana] [organism part:siluge without seeds] [title:ft-1 22 2]
ERS533777,ERR588048,fruit,NA,[ENA checklist:ERC000011] [INSDC center alias:University of Exeter] [INSDC center name:University of Exeter] [INSDC first public:2014-11-20T17:01:46Z] [INSDC last update:2018-03-08T21:22:35Z] [INSDC status:public] [SRA accession:ERS533777] [Sample Name:ERS533777] [age:8] [alias:E-MTAB-2869:ft-1 22 1] [broker name:ArrayExpress] [genotype:ft-1 mutant] [growth condition:grown at 22 degree Celsius] [initial time point:pollination] [organism:Arabidopsis thaliana] [organism part:siluge without seeds] [title:ft-1 22 1]
ERS533778,ERR588041,seed,NA,[ENA checklist:ERC000011] [INSDC center alias:University of Exeter] [INSDC center name:University of Exeter] [INSDC first public:2014-11-20T17:01:46Z] [INSDC last update:2018-03-08T21:25:05Z] [INSDC status:public] [SRA accession:ERS533778] [Sample Name:ERS533778] [age:8] [alias:E-MTAB-2869:ft-1 seeds 2] [broker name:ArrayExpress] [genotype:ft-1 mutant] [growth condition:grown at 22 degree Celsius] [initial time point:pollination] [organism:Arabidopsis thaliana] [organism part:seed] [title:ft-1 seeds 2]
ERS533779,ERR588045,fruit,NA,[ENA checklist:ERC000011] [INSDC center alias:University of Exeter] [INSDC center name:University of Exeter] [INSDC first public:2014-11-20T17:01:46Z] [INSDC last update:2018-03-08T21:25:05Z] [INSDC status:public] [SRA accession:ERS533779] [Sample Name:ERS533779] [age:8] [alias:E-MTAB-2869:Ler 22 1] [broker name:ArrayExpress] [genotype:wild type] [growth condition:grown at 22 degree Celsius] [initial time point:pollination] [organism:Arabidopsis thaliana] [organism part:siluge without seeds] [title:Ler 22 1]
ERS533780,ERR588039,seed,NA,[ENA checklist:ERC000011] [INSDC center alias:University of Exeter] [INSDC center name:University of Exeter] [INSDC first public:2014-11-20T17:01:46Z] [INSDC last update:2018-03-08T21:25:06Z] [INSDC status:public] [SRA accession:ERS533780] [Sample Name:ERS533780] [age:8] [alias:E-MTAB-2869:Ler seeds 2] [broker name:ArrayExpress] [genotype:wild type] [growth condition:grown at 22 degree Celsius] [initial time point:pollination] [organism:Arabidopsis thaliana] [organism part:seed] [title:Ler seeds 2]
ERS533781,ERR588049,fruit,NA,[ENA checklist:ERC000011] [INSDC center alias:University of Exeter] [INSDC center name:University of Exeter] [INSDC first public:2014-11-20T17:01:46Z] [INSDC last update:2018-03-08T21:25:06Z] [INSDC status:public] [SRA accession:ERS533781] [Sample Name:ERS533781] [age:8] [alias:E-MTAB-2869:Ler 22 2] [broker name:ArrayExpress] [genotype:wild type] [growth condition:grown at 22 degree Celsius] [initial time point:pollination] [organism:Arabidopsis thaliana] [organism part:siluge without seeds] [title:Ler 22 2]
ERS533782,ERR588046,fruit,NA,"[ENA checklist:ERC000011] [INSDC center alias:University of Exeter] [INSDC center name:University of Exeter] [INSDC first public:2014-11-20T17:01:46Z] [INSDC last update:2018-03-08T21:25:06Z] [INSDC status:public] [SRA accession:ERS533782] [Sample Name:ERS533782] [age:8] [alias:E-MTAB-2869:Ler 16 1] [broker name:ArrayExpress] [genotype:wild type] [growth condition:grown at 16 degree Celsius before fertilization, then 22 degree Celsius] [initial time point:pollination] [organism:Arabidopsis thaliana] [organism part:siluge without seeds] [title:Ler 16 1]"
ERS533783,ERR588042,fruit,NA,[ENA checklist:ERC000011] [INSDC center alias:University of Exeter] [INSDC center name:University of Exeter] [INSDC first public:2014-11-20T17:01:46Z] [INSDC last update:2018-03-08T21:25:06Z] [INSDC status:public] [SRA accession:ERS533783] [Sample Name:ERS533783] [age:8] [alias:E-MTAB-2869:Ler 22 3] [broker name:ArrayExpress] [genotype:wild type] [growth condition:grown at 22 degree Celsius] [initial time point:pollination] [organism:Arabidopsis thaliana] [organism part:siluge without seeds] [title:Ler 22 3]
ERS533784,ERR588044,fruit,NA,"[ENA checklist:ERC000011] [INSDC center alias:University of Exeter] [INSDC center name:University of Exeter] [INSDC first public:2014-11-20T17:01:46Z] [INSDC last update:2018-03-08T21:25:06Z] [INSDC status:public] [SRA accession:ERS533784] [Sample Name:ERS533784] [age:8] [alias:E-MTAB-2869:Ler 16 3] [broker name:ArrayExpress] [genotype:wild type] [growth condition:grown at 16 degree Celsius before fertilization, then 22 degree Celsius] [initial time point:pollination] [organism:Arabidopsis thaliana] [organism part:siluge without seeds] [title:Ler 16 3]"
ERS374056,ERR377676,leaf,NA,[Alias:1] [ENA checklist:ERC000011] [INSDC center alias:UCAMPS] [INSDC center name:University of Cambridge Department of Plant Sciences] [INSDC first public:2014-02-02T17:00:51Z] [INSDC last update:2013-12-02T12:53:45Z] [INSDC status:public] [SRA accession:ERS374056] [Sample Name:ERS374056] [Title:Arabidopsis whole leaf translatome replicate 1] [cell_type:all] [dev_stage:mature] [ecotype:Columbia]
ERS374057,ERR377677,leaf,NA,[Alias:2] [ENA checklist:ERC000011] [INSDC center alias:UCAMPS] [INSDC center name:University of Cambridge Department of Plant Sciences] [INSDC first public:2014-02-02T17:00:51Z] [INSDC last update:2013-12-02T12:53:45Z] [INSDC status:public] [SRA accession:ERS374057] [Sample Name:ERS374057] [Title:Arabidopsis whole leaf translatome replicate 2] [cell_type:all] [dev_stage:mature] [ecotype:Columbia]
ERS374058,ERR377678,leaf,NA,[Alias:3] [ENA checklist:ERC000011] [INSDC center alias:UCAMPS] [INSDC center name:University of Cambridge Department of Plant Sciences] [INSDC first public:2014-02-02T17:00:51Z] [INSDC last update:2013-12-02T12:53:45Z] [INSDC status:public] [SRA accession:ERS374058] [Sample Name:ERS374058] [Title:Arabidopsis whole leaf translatome replicate 3] [cell_type:all] [dev_stage:mature] [ecotype:Columbia]
ERS374059,ERR377679,bundle sheath,NA,[Alias:4] [ENA checklist:ERC000011] [INSDC center alias:UCAMPS] [INSDC center name:University of Cambridge Department of Plant Sciences] [INSDC first public:2014-02-02T17:00:51Z] [INSDC last update:2013-12-02T12:53:45Z] [INSDC status:public] [SRA accession:ERS374059] [Sample Name:ERS374059] [Title:Arabidopsis bundle sheath translatome replicate 1] [cell_type:all] [dev_stage:mature] [ecotype:Columbia]
ERS374060,ERR377680,leaf,NA,[Alias:5] [ENA checklist:ERC000011] [INSDC center alias:UCAMPS] [INSDC center name:University of Cambridge Department of Plant Sciences] [INSDC first public:2014-02-02T17:00:51Z] [INSDC last update:2013-12-02T12:53:45Z] [INSDC status:public] [SRA accession:ERS374060] [Sample Name:ERS374060] [Title:Arabidopsis whole leaf translatome replicate 2] [cell_type:all] [dev_stage:mature] [ecotype:Columbia]
ERS374061,ERR377681,leaf,NA,[Alias:6] [ENA checklist:ERC000011] [INSDC center alias:UCAMPS] [INSDC center name:University of Cambridge Department of Plant Sciences] [INSDC first public:2014-02-02T17:00:51Z] [INSDC last update:2013-12-02T12:53:45Z] [INSDC status:public] [SRA accession:ERS374061] [Sample Name:ERS374061] [Title:Arabidopsis whole leaf translatome replicate 2] [cell_type:all] [dev_stage:mature] [ecotype:Columbia]
SRS980558,SRR2088873,test2,NA,NA
SRS980562,SRR2088872,test2,NA,NA
SRS980563,SRR2088871,test2,NA,NA
